time,rate,error
-0.992000013589859,0.17131619921479332,0.08228429626545326
-0.9820000231266022,-0.0001733012884138332,0.0769018524976849
-0.972000002861023,0.08973196562763913,0.07493071742734483
-0.9620000123977661,-0.007208693190352888,0.07135010920584851
-0.9520000219345093,-0.003972833931873822,0.07949065009102639
-0.94200000166893,0.16779120772806294,0.08759135433034633
-0.9320000112056732,0.10638124293115488,0.06822800816892223
-0.9220000207424164,-0.028191912098338816,0.08115980737791768
-0.9120000004768372,0.034617722985161435,0.07861157721555725
-0.9020000100135803,0.02842822152310947,0.08869182924903292
-0.8920000195503235,-0.022272169784685235,0.08243146883222435
-0.8820000290870667,-0.10227932749628335,0.07973857845717827
-0.8720000088214874,0.12003328115067036,0.07692092509841963
-0.8620000183582306,0.11556818225883242,0.08025559480022984
-0.8520000278949738,0.06994464496735968,0.08334546409641745
-0.8420000076293945,-0.012469882512386472,0.08090192854323398
-0.8320000171661377,-0.00965130399902204,0.0788448696275087
-0.8220000267028809,-0.06957732990223875,0.07119271987393601
-0.8120000064373016,0.05482833920876202,0.06663852855067687
-0.8020000159740448,0.0545317445949455,0.07375292627168993
-0.792000025510788,0.11064992931993428,0.08023464897004011
-0.7820000052452087,0.005738493871430774,0.08274275297570644
-0.7720000147819519,0.06272277443676642,0.07907586185752508
-0.7620000243186951,-0.01735398304871564,0.07778188705092932
-0.7520000040531158,0.06698935570141716,0.08926580062342881
-0.742000013589859,0.06437359653601413,0.08103683307152088
-0.7320000231266022,0.06454669178389111,0.08544844838879823
-0.722000002861023,0.1067667374655125,0.09030633065424996
-0.7120000123977661,-0.04877632938649946,0.0847113938057324
-0.7020000219345093,-0.16309131969014165,0.09701559644631295
-0.69200000166893,-0.07156742856592516,0.08177059083193332
-0.6820000112056732,-0.009126454706148588,0.07634700052485108
-0.6720000207424164,0.03907223035203334,0.08114043143198986
-0.6620000004768372,0.14140893266291002,0.07178737975727119
-0.6520000100135803,-0.07445746697891345,0.08790434410515933
-0.6420000195503235,-0.022924768780614932,0.07615470665747853
-0.6320000290870667,-0.08648917090837938,0.07424365325311391
-0.6220000088214874,0.23726085388356033,0.08031536620910032
-0.6120000183582306,0.043437280257685035,0.08542721879352448
-0.6020000278949738,-0.13370999820844653,0.07860738716717205
-0.5920000076293945,0.06297723766594569,0.06943118545194135
-0.5820000171661377,0.06553708192483211,0.07368578061321207
-0.5720000267028809,0.1007402858443547,0.09639329029823411
-0.5620000064373016,0.0347236349151628,0.0755569235985776
-0.5520000159740448,0.05798861442869507,0.08964105325998838
-0.542000025510788,0.12402007773241806,0.07735539169352519
-0.5320000052452087,0.21234240189837367,0.08684158853760736
-0.5220000147819519,0.17803331896308505,0.09576202619297304
-0.5120000243186951,0.14414420533844738,0.08484103475908544
-0.5020000040531158,0.028143708514851186,0.07504811546273764
-0.492000013589859,0.22177923101697064,0.08234763713339045
-0.4820000231266022,-0.07573595204567178,0.0946786071020672
-0.47200000286102295,0.09016518592493412,0.07601733385933704
-0.4620000123977661,0.11918527636664326,0.07964793416330906
-0.4520000219345093,-0.05159686132013162,0.08559839200759774
-0.44200000166893005,0.07096051521215777,0.08389769740389653
-0.4320000112056732,0.08713150756557995,0.08663003869388194
-0.4220000207424164,0.17230864639596913,0.08068984649871778
-0.41200000047683716,0.02843179196397131,0.0899616533099941
-0.4020000100135803,0.09252774567346336,0.07898755074414032
-0.3920000195503235,0.18050021688743112,0.08417917133803234
-0.38200002908706665,0.01939994639753258,0.08178922527761148
-0.3720000088214874,0.08107352375293543,0.0724227197584406
-0.3620000183582306,0.212849005118513,0.09140011116843176
-0.35200002789497375,-0.07586204018558843,0.07901511389092739
-0.34200000762939453,-0.07326872144774176,0.09063933748971781
-0.3320000171661377,0.13032339993025235,0.08822494108524213
-0.32200002670288086,0.018580169317687818,0.07423436537962576
-0.31200000643730164,-0.027111912053351526,0.08877809339224609
-0.3020000159740448,0.08500469263265639,0.08177250969385752
-0.29200002551078796,0.026869732110728222,0.08573823818001595
-0.28200000524520874,0.2970561877746051,0.08712593316411806
-0.2720000147819519,0.08367103875838723,0.08905980144319608
-0.26200002431869507,0.12936387042632286,0.0792696941763254
-0.25200000405311584,0.1400465783940317,0.08334158258470149
-0.242000013589859,0.15783812820497872,0.08282154029421453
-0.23200002312660217,0.1315116366867605,0.0812157814551483
-0.22200000286102295,0.2585098254414322,0.0983368312893951
-0.2120000123977661,0.039568042756832254,0.09371385073598947
-0.20200002193450928,0.04178194616228755,0.0879592473735378
-0.19200000166893005,0.22384100627044243,0.08556949991187508
-0.18200001120567322,0.019963166558134012,0.08890341088776986
-0.17200002074241638,0.16717597145528676,0.08152450331989676
-0.16200000047683716,-0.11025040317320123,0.08395707277351308
-0.15200001001358032,0.16381599785234643,0.09971186697418549
-0.1420000195503235,-0.0006288995820787097,0.08671603447561828
-0.13200002908706665,0.17743338859976837,0.08515174044337143
-0.12200000882148743,0.05975828993187736,0.09788185219602555
-0.11200001835823059,0.18257163412975735,0.08048785280935862
-0.10200002789497375,0.127484990505492,0.08863651231407085
-0.09200000762939453,0.10467614530252262,0.08857070827542489
-0.0820000171661377,0.14876873144800934,0.09339545186893504
-0.07200002670288086,0.10358730803015087,0.08124222090017365
-0.062000006437301636,0.30325952506305814,0.09115185603175079
-0.0520000159740448,0.1431878311560224,0.0802179399169871
-0.042000025510787964,0.17189652907889003,0.09100350096547205
-0.03200000524520874,0.1566294836383508,0.08841900067148313
-0.022000014781951904,0.10962564499624962,0.0826374524702203
-0.012000024318695068,0.0822242919728755,0.08942689654833644
-0.0020000040531158447,-0.001686549518103991,0.09118163583394683
0.007999986410140991,0.06356258999905447,0.08619906238987725
0.017999976873397827,-0.02672075638087685,0.09167776270429935
0.02799999713897705,0.06320741963148362,0.09071726098394599
0.03799998760223389,0.11115636189596746,0.09009358048844664
0.04799997806549072,0.08072009614869492,0.07983344842748973
0.057999998331069946,0.13008671303924094,0.08634783977602488
0.06799998879432678,0.16590999600270148,0.09713578198463362
0.07799997925758362,0.22633042218526386,0.0961255553087665
0.08799999952316284,-0.0022176792075744678,0.08240726736348941
0.09799998998641968,0.24136616536067615,0.09579282827632528
0.10799998044967651,0.11026720973613893,0.09324207903934896
0.11799997091293335,0.16529602360902185,0.08642273821249073
0.12799999117851257,0.09060263076093557,0.09496733723593452
0.1379999816417694,0.12921867456325425,0.09232577912586322
0.14799997210502625,0.20532360251527446,0.09628694011016875
0.15799999237060547,0.20697696366538176,0.0875281599024927
0.1679999828338623,0.12693976360059384,0.09600127436618004
0.17799997329711914,0.17022147478897126,0.08657287376174749
0.18799999356269836,0.24471170890940347,0.08315978431669901
0.1979999840259552,0.00786652325236672,0.10395476566519685
0.20799997448921204,-0.04832387901047674,0.08651111149818655
0.21799999475479126,0.3179039780714963,0.10162025435205145
0.2279999852180481,-0.06004077382141482,0.09294886616009283
0.23799997568130493,0.1707464507973149,0.0863041786899626
0.24799999594688416,0.15451324690628315,0.1032122101900158
0.257999986410141,0.10056496056450132,0.08597185254994738
0.2679999768733978,0.2770850252042759,0.09201840152573224
0.27799999713897705,0.06605710626981479,0.08223286159701822
0.2879999876022339,0.1842359031664695,0.09892465814348333
0.2979999780654907,0.14470364136793973,0.1133942173936217
0.30799999833106995,0.36110587352318585,0.10883887058556256
0.3179999887943268,0.3302991111865784,0.10416341572254999
0.3279999792575836,0.10667737321337727,0.08577476152144681
0.33799999952316284,0.2954857287464788,0.10563913035728816
0.3479999899864197,0.14271118038188313,0.08662322620254412
0.3579999804496765,0.20895129578212976,0.0814872159182953
0.36799997091293335,0.20719346426741958,0.08323522827532712
0.3779999911785126,0.05365568550775068,0.08841565120685846
0.3879999816417694,0.38371006176797595,0.10765510535047566
0.39799997210502625,0.2833301496560307,0.09162898122234103
0.40799999237060547,0.2473364705120611,0.08780906268276896
0.4179999828338623,0.03577124985792952,0.08373749046859841
0.42799997329711914,-0.006339128649013367,0.08415965694899978
0.43799999356269836,0.03330417737011984,0.0833593548841391
0.4479999840259552,0.008982743182481422,0.0894404926319455
0.45799997448921204,0.10614175612676997,0.092005569066029
0.46799999475479126,0.13773008042376825,0.10348114305998071
0.4779999852180481,0.10642860477080893,0.07951773111725169
0.48799997568130493,0.16561682183403226,0.09725913358254545
0.49799999594688416,0.08349182526844667,0.09343707141905641
0.507999986410141,-0.08788194352088959,0.09578047124535384
0.5179999768733978,0.14558642298666002,0.09400732447869022
0.527999997138977,0.09514526266926983,0.09380844007819161
0.5379999876022339,0.2154237657783284,0.09715583301801264
0.5479999780654907,0.029423183260581763,0.07824597101049434
0.55799999833107,0.23324483588561365,0.09937513903077988
0.5679999887943268,0.2296560013853844,0.09614362063341177
0.5779999792575836,0.14961707521240375,0.0953611716666793
0.5879999995231628,0.3002261747587558,0.08882622903675447
0.5979999899864197,0.31769038506675207,0.10762132442349796
0.6079999804496765,0.2033363961014992,0.09706480228624186
0.6179999709129333,0.24228108618456848,0.10002121285338432
0.6279999911785126,0.09225536559757733,0.082400594194224
0.6379999816417694,0.3430673077738405,0.0880725170996981
0.6479999721050262,0.2206310050169138,0.10115846727674169
0.6579999923706055,0.213165621785588,0.09943676968219207
0.6679999828338623,0.3210967724902451,0.09805306452139004
0.6779999732971191,0.27011613286712793,0.08322396069317999
0.6879999935626984,0.08750662803820433,0.10673544948321419
0.6979999840259552,-0.10681718654950664,0.09628968129917255
0.707999974489212,0.2656991157034244,0.10029904101157881
0.7179999947547913,0.321661608892685,0.10410495161018783
0.7279999852180481,0.2682419584802618,0.101794898827551
0.7379999756813049,0.2610757285324263,0.10095224036250094
0.7479999959468842,0.281648741433956,0.09137404468937652
0.757999986410141,0.1672899065814532,0.10154760648076687
0.7679999768733978,0.12679382469101394,0.09846444163682792
0.777999997138977,0.3000313419731174,0.09451564124588942
0.7879999876022339,0.3008267315385668,0.10445659819923056
0.7979999780654907,0.34575979338806845,0.10144757319277971
0.80799999833107,0.08964443917330522,0.09626352068780954
0.8179999887943268,0.21456195025576705,0.1094582148051326
0.8279999792575836,0.1690114038149675,0.09195702449775442
0.8379999995231628,0.12694586313120715,0.08800191365508431
0.8479999899864197,0.26114058764574366,0.10843089389293747
0.8579999804496765,0.19670848058812385,0.09867779390389712
0.8679999709129333,0.11985964353434776,0.09427844158526014
0.8779999911785126,0.1888894325179214,0.10064498555508426
0.8879999816417694,0.08241786660746302,0.09698296529985265
0.8979999721050262,0.11749561935229082,0.09383974237067329
0.9079999923706055,0.13575345774171885,0.08796629054883595
0.9179999828338623,0.030834902425102558,0.09387995807212066
0.9279999732971191,0.0525061998435408,0.11084567406603509
0.9379999935626984,0.17823924570497665,0.10118394194888018
0.9479999840259552,0.24001331568429352,0.09871598931452037
0.957999974489212,0.16758362142960634,0.10697590085082319
0.9679999947547913,0.34948993095827413,0.09678069131328898
0.9779999852180481,0.10324615930461026,0.09410833367430076
0.9879999756813049,0.11401689187585036,0.09575813311661777
0.9979999959468842,0.14526847148775482,0.08477572246043874
1.007999986410141,0.311595656728948,0.09878374690423745
1.0179999768733978,0.2627543486958338,0.09430365765762384
1.027999997138977,0.23708968784063156,0.08877499115132835
1.0379999876022339,0.25666487643559727,0.10060456482611624
1.0479999780654907,0.26179457851663934,0.10896141481108469
1.05799999833107,0.3007161137008549,0.10636630121201403
1.0679999887943268,0.23569498782226905,0.10231729653024463
1.0779999792575836,0.2648419993369901,0.09655551585487941
1.0879999995231628,0.07219317592731081,0.10740873798888302
1.0979999899864197,0.10688953528067609,0.09910027682532874
1.1079999804496765,0.2057359084958407,0.09178213643660986
1.1179999709129333,0.25384813845136306,0.10653367025074291
1.1279999911785126,0.1406044368167731,0.10884778664402026
1.1379999816417694,0.3875183298861614,0.0875454486750854
1.1479999721050262,0.2706782128556622,0.10404097161276274
1.1579999923706055,0.28159806981487023,0.10221422113725424
1.1679999828338623,0.259470835027187,0.09167835029415891
1.1779999732971191,0.15019565194705223,0.10858923074200659
1.1879999935626984,0.1797796147614252,0.08846438446052163
1.1979999840259552,0.5037083537003952,0.10802614720529546
1.207999974489212,0.424752805740216,0.09942276625598288
1.2179999947547913,0.3385571438142466,0.09796921688538314
1.227999985218048,0.15379606921157307,0.08912362486130604
1.237999975681305,0.30832785347928376,0.10821786896013605
1.2479999959468842,0.17099186564834465,0.09146173629835014
1.257999986410141,0.24083596430028784,0.09549616437694845
1.2679999768733978,0.4165946199292377,0.10387824114123115
1.277999997138977,0.2909707221009884,0.1003554648540644
1.2879999876022339,0.21400509408008977,0.09931181370757247
1.2979999780654907,0.17934600185336716,0.08989671724098805
1.30799999833107,0.4417034867489522,0.0992004087450109
1.3179999887943268,0.34434726660427206,0.10075739513175884
1.3279999792575836,0.42337207661936005,0.09964325171642532
1.3379999995231628,0.25344446476609217,0.0883650149101184
1.3479999899864197,0.05033961722112005,0.10165485107155678
1.3579999804496765,0.024278802876024207,0.10172542414815107
1.3679999709129333,0.20599326618614222,0.09522155331318415
1.3779999911785126,0.24501734903361627,0.09436997013500176
1.3879999816417694,0.22653718826082578,0.10429446120698017
1.3979999721050262,0.14172822698015336,0.09810619436897179
1.4079999923706055,0.32682674622281616,0.09393076662671046
1.4179999828338623,0.20767708457715947,0.0975416477244169
1.4279999732971191,0.3526439459837805,0.09795559753914469
1.4379999935626984,0.21544875319422482,0.10094068667298241
1.4479999840259552,0.34282330131080563,0.09485643544914125
1.457999974489212,0.2198023484749841,0.09626262370011252
1.4679999947547913,0.25258041442533397,0.09770684934193995
1.477999985218048,0.2929036711355001,0.09332350880533995
1.487999975681305,0.1356611410481188,0.09616486659890533
1.4979999959468842,0.4049356157163567,0.1027729853793143
1.507999986410141,0.1828744035733149,0.1033576833863075
1.5179999768733978,0.37368937119977647,0.10216139761719077
1.527999997138977,0.11848098972854794,0.09220355616914207
1.5379999876022339,0.0860894396590268,0.09656060449602767
1.5479999780654907,0.43030949745786334,0.10036710784482779
1.55799999833107,0.1935308678019494,0.09916602936209078
1.5679999887943268,0.05357925471177676,0.09786588124693564
1.5779999792575836,0.5371510534643703,0.1140317332523703
1.5879999995231628,0.4137892771855196,0.09845258640244339
1.5979999899864197,0.2543934985774669,0.08829789477598293
1.6079999804496765,0.4163357072544664,0.10898809956903054
1.6179999709129333,0.10597650272927991,0.09331968951674999
1.6279999911785126,0.32589923376246127,0.10011366398056773
1.6379999816417694,0.4252859991035546,0.1104874051708934
1.6479999721050262,0.22892088781277276,0.10593500329506063
1.6579999923706055,0.35206843823392747,0.11061500418455521
1.6679999828338623,0.37493596816953667,0.10766579590031204
1.6779999732971191,0.3987486460487397,0.12131262609898379
1.6879999935626984,0.2503381733804194,0.10462607997429539
1.6979999840259552,0.38070803923182023,0.10127966402703742
1.707999974489212,0.3949545776912521,0.10500410477362877
1.7179999947547913,0.2680557734282508,0.1079906336649668
1.727999985218048,0.3491934587114021,0.10212838774560636
1.737999975681305,0.26287875635794516,0.10414644751781128
1.7479999959468842,0.26084411607815117,0.09571835785456298
1.757999986410141,0.349197430896352,0.10641738131096642
1.7679999768733978,0.37543279394850954,0.11923687703066721
1.777999997138977,0.37678625993888026,0.10817184532912652
1.7879999876022339,0.2999815805001033,0.10408365976363339
1.7979999780654907,0.27457273112452285,0.107264309386805
1.80799999833107,0.24209547347811913,0.09166763615218104
1.8179999887943268,0.3948782062796545,0.11635599095138464
1.8279999792575836,0.39662947433148266,0.11512248565085799
1.8379999995231628,0.3518867447655751,0.11452914117037068
1.8479999899864197,0.18331454950315407,0.10743419867465831
1.8579999804496765,0.26590940656317064,0.09090113914899761
1.8679999709129333,0.48483272620065754,0.10651757887560598
1.8779999911785126,0.3278645060478105,0.10608110253682998
1.8879999816417694,0.7114951693386126,0.11828998277816266
1.8979999721050262,0.2864988926292998,0.09659659056035026
1.9079999923706055,0.3405140463472496,0.09742368369096906
1.9179999828338623,0.2796080708894522,0.10928107943102718
1.9279999732971191,0.22503108131644797,0.10741209326658116
1.9379999935626984,0.4800530159259972,0.11390318363528891
1.9479999840259552,0.2317644387609363,0.10138235017744616
1.957999974489212,0.3081829688683363,0.1165355819093777
1.9679999947547913,0.15449089875842098,0.11036267534473013
1.977999985218048,0.4137266454169034,0.09891981633159445
1.987999975681305,0.24735455921079783,0.10816565656099682
1.9979999959468842,0.2847598984020762,0.10910422097921241
2.007999986410141,0.5633917629819678,0.1186497529903221
2.017999976873398,0.33347576674003504,0.10997671007561154
2.027999997138977,0.3808880599445532,0.11510828442377427
2.037999987602234,0.3952464249286234,0.10706952565524797
2.0479999780654907,0.17300802398625525,0.09646984031396857
2.05799999833107,0.3304311842792296,0.11410325133668864
2.067999988794327,0.4086423151921047,0.11425207209550807
2.0779999792575836,0.527980515249348,0.11122122160501052
2.087999999523163,0.3683024467812688,0.13290087083298133
2.0979999899864197,0.3519387007231444,0.1182280288636636
2.1079999804496765,0.33797939096037033,0.10789465407404339
2.1179999709129333,0.3682691174293796,0.10358807108241438
2.1279999911785126,0.42992971947477193,0.11555639612039065
2.1379999816417694,0.2846145616467753,0.10806588995486688
2.1479999721050262,0.4440461539535499,0.101181742366241
2.1579999923706055,0.33620063404161193,0.10011111057531027
2.1679999828338623,0.368220185698055,0.1056909383917298
2.177999973297119,0.46899680007530936,0.09927467413242443
2.1879999935626984,0.3798050913742404,0.11740483849587534
2.197999984025955,0.5122826085412258,0.10912752145587944
2.207999974489212,0.35756049207802837,0.10255500667757415
2.2179999947547913,0.23651871170076869,0.11333474366582327
2.227999985218048,0.4006483567033013,0.10109846022116012
2.237999975681305,0.5090577946303697,0.11514994433033827
2.247999995946884,0.457554144911951,0.11690901283657265
2.257999986410141,0.28818953618486476,0.10779322393154102
2.267999976873398,0.1346743479451007,0.10823737886017241
2.277999997138977,0.5404135112959357,0.10731106966999827
2.287999987602234,0.26470265148495625,0.11436460418731535
2.2979999780654907,0.2878132685995851,0.10289104814591431
2.30799999833107,0.29932687410914816,0.09906658946594425
2.317999988794327,0.37971348737700034,0.11117621114411481
2.3279999792575836,0.3456296036291926,0.11698934288702757
2.337999999523163,0.36610247401428553,0.11218181603015734
2.3479999899864197,0.3467593669331449,0.1150322163355659
2.3579999804496765,0.32357156400337433,0.1082646649598271
2.3679999709129333,0.22202810433858897,0.10036246971188166
2.3779999911785126,0.31228253813148943,0.10455488410206012
2.3879999816417694,0.3312099606421868,0.10848406038674716
2.3979999721050262,0.32388245801774684,0.1076689406168157
2.4079999923706055,0.2742970649445116,0.11773411211053318
2.4179999828338623,0.14957345290589089,0.0923266916405522
2.427999973297119,0.3326348573572688,0.09648679354868309
2.4379999935626984,0.3197558576524154,0.10447821329375816
2.447999984025955,0.41585179663089866,0.1066591755909049
2.457999974489212,0.5727916618212381,0.11650026225632247
2.4679999947547913,0.38806867270932033,0.1122114548535674
2.477999985218048,0.4178216245994489,0.11047880470238916
2.487999975681305,0.37211647232473033,0.104582766564214
2.497999995946884,0.38444965730348835,0.11304518803048913
2.507999986410141,0.19201903896515052,0.10634501017897187
2.517999976873398,0.4638141711018609,0.10491747096776982
2.527999997138977,0.26113644565512883,0.10382479848965695
2.537999987602234,0.32898796868620434,0.11150318993167783
2.5479999780654907,0.24706397875011915,0.10854902507327878
2.55799999833107,0.4604774946716584,0.1133502966483971
2.567999988794327,0.27982081434824085,0.10810341536508741
2.5779999792575836,0.3166276002008112,0.10070569576987558
2.587999999523163,0.533316537261427,0.1107879434686945
2.5979999899864197,0.3058856773753906,0.10498051100541173
2.6079999804496765,0.3098411994797476,0.10763029624259014
2.6179999709129333,0.3747099371588293,0.1027185727674524
2.6279999911785126,0.3171367489285182,0.09882812911997853
2.6379999816417694,0.097619497083678,0.11094520377424114
2.6479999721050262,0.2686075322010076,0.10270663085486517
2.6579999923706055,0.4233798996856437,0.11498260687644733
2.6679999828338623,0.3170915590836545,0.10763149467552174
2.677999973297119,0.3697704835144164,0.10752072200747118
2.6879999935626984,0.32515915222946495,0.11185316226522583
2.697999984025955,0.3772252439256021,0.10000962064887124
2.707999974489212,0.3876417380041158,0.1084567586484778
2.7179999947547913,0.47130328968916574,0.11109698482643063
2.727999985218048,0.4489772599634119,0.1196612045375832
2.737999975681305,0.45551399026957173,0.11735492490263533
2.747999995946884,0.16823828321833031,0.10831260332260945
2.757999986410141,0.37804307592411657,0.10546037693224672
2.767999976873398,0.38089969343880237,0.1094106145417977
2.777999997138977,0.2770433632799351,0.11150314314142236
2.787999987602234,0.5332890888045217,0.11432172519529937
2.7979999780654907,0.18005433236740065,0.09682015316304113
2.80799999833107,0.3224039551378607,0.11308705438732221
2.817999988794327,0.24483309594061975,0.09197192911879361
2.8279999792575836,0.32739042780178373,0.11191548516200112
2.837999999523163,0.2764120984821535,0.11533286315388964
2.8479999899864197,0.4156278487885285,0.09899587963704931
2.8579999804496765,0.600269896554989,0.11410728310603978
2.8679999709129333,0.310490144949553,0.0989815533201836
2.8779999911785126,0.2528853802125836,0.10380422279235348
2.8879999816417694,0.4866951010961223,0.10272006016582791
2.8979999721050262,0.2969012275415267,0.09364843813472985
2.9079999923706055,0.42983157987789916,0.10866018663883006
2.9179999828338623,0.22663888800989174,0.10829661070438869
2.927999973297119,0.5044382177569524,0.12405552180376411
2.9379999935626984,0.2909541454315299,0.11439530162749798
2.947999984025955,0.247318046547678,0.10952542999911669
2.957999974489212,0.1596107306013268,0.09496609650636295
2.9679999947547913,0.25230117302392485,0.10977862343022363
2.977999985218048,0.381164653696358,0.11159510895711992
2.987999975681305,0.471996374152759,0.11238453271442705
2.997999995946884,0.41417236026058785,0.10486319084469126
3.007999986410141,0.3488605568497244,0.11250067248123759
3.017999976873398,0.3405052073406644,0.11110755491343374
3.027999997138977,0.5294708911519311,0.11291388279663168
3.037999987602234,0.501284424453676,0.10593055031312787
3.0479999780654907,0.49466625791425584,0.11019608196353602
3.05799999833107,0.4103667398584425,0.10504569858681685
3.067999988794327,0.44825905858027965,0.12078339533461085
3.0779999792575836,0.3684051493799397,0.10990924026455479
3.087999999523163,0.17123222030050705,0.10656432540666194
3.0979999899864197,0.24312111356126914,0.10251164408904763
3.1079999804496765,0.4820512724494575,0.11965344278128805
3.1179999709129333,0.29575218326120084,0.10858308382068191
3.1279999911785126,0.5152644320050214,0.1171882862999411
3.1379999816417694,0.5155507980877643,0.11555247734456724
3.1479999721050262,0.3304337871403516,0.10600561811020168
3.1579999923706055,0.31697309329536283,0.10036419623149549
3.1679999828338623,0.43333892678679015,0.10309220682120215
3.177999973297119,0.4667681937389039,0.10412268574395481
3.1879999935626984,0.3629349503988838,0.11250065093025399
3.197999984025955,0.19839562111634387,0.11183933011286828
3.207999974489212,0.36665686156887684,0.09977846292328398
3.2179999947547913,0.43826771422812427,0.11044554330187305
3.227999985218048,0.38037817088745296,0.10968491067920913
3.237999975681305,0.07944539064922533,0.10378124265481471
3.247999995946884,0.25020968493106066,0.10567789808631675
3.257999986410141,0.3258732692783171,0.10962349821032064
3.267999976873398,0.27270815310678187,0.10153680220870889
3.277999997138977,0.3105118939700512,0.10547849062951468
3.287999987602234,0.3652964311332385,0.10082744427650181
3.2979999780654907,0.3212569653270236,0.10153623728884675
3.30799999833107,0.3553426704434478,0.1112163531598557
3.317999988794327,0.10866957240823973,0.11123240074326177
3.3279999792575836,0.30112428696481885,0.10309442141902533
3.337999999523163,0.14389687300643572,0.11555711106821147
3.3479999899864197,0.3847989157608553,0.10509285753384237
3.3579999804496765,0.22091316191153024,0.09457749084440512
3.3679999709129333,0.3637007777050773,0.11115464348757287
3.3779999911785126,0.02931085744561338,0.08955130468892711
3.3879999816417694,0.3062453146039725,0.10595797784007548
3.3979999721050262,0.08401701203817757,0.09964430066321192
3.4079999923706055,0.3641764360888107,0.10920162467542135
3.4179999828338623,0.3709207898150572,0.10904071207439817
3.427999973297119,0.3272406619792758,0.10490296181952322
3.4379999935626984,0.1949619840413742,0.09354064182550723
3.447999984025955,0.14378968785369192,0.10939249479292143
3.457999974489212,0.10718756679517359,0.0994705826637089
3.4679999947547913,0.3019293681537776,0.10116494318005423
3.477999985218048,0.32044312846116907,0.11785244917735359
3.487999975681305,0.3560965530146397,0.1052720830728884
3.497999995946884,0.3782012243825439,0.10987722121242399
3.507999986410141,0.24507909123172172,0.09802622122185103
3.517999976873398,0.33884916490178474,0.10473730562665097
3.527999997138977,0.5005789152176354,0.10645506837859582
3.537999987602234,0.2535643889191603,0.0993735561941133
3.5479999780654907,0.2452117966453942,0.11216139490325436
3.55799999833107,0.17520718048949174,0.10527530445617152
3.567999988794327,0.16359735763604738,0.08405831828947916
3.5779999792575836,0.22085309313979723,0.09476828237207455
3.587999999523163,0.3246177538006903,0.09988670014912905
3.5979999899864197,0.2867781918291523,0.09994804043884271
3.6079999804496765,0.19570118875669296,0.10237902156428932
3.6179999709129333,0.17764569583961307,0.10345687071549022
3.6279999911785126,0.112137152422021,0.10401908378852935
3.6379999816417694,0.28661986174730203,0.09390859333362864
3.6479999721050262,0.3540357787178852,0.10376109684208779
3.6579999923706055,0.2704243351185188,0.10842568699177639
3.6679999828338623,0.2551805893017368,0.10526044856457091
3.677999973297119,0.22948676591448935,0.11006114663067616
3.6879999935626984,0.31976451261688776,0.09641435762187203
3.697999984025955,0.394092993093879,0.10780248722882263
3.707999974489212,0.2028295437250487,0.1035797454719327
3.7179999947547913,0.20865636436570267,0.0906636599609135
3.727999985218048,0.3530779128632508,0.10527399288959323
3.737999975681305,0.2554253555403171,0.09299503324323
3.747999995946884,0.33943637618548345,0.09600263593134278
3.757999986410141,0.0859196084429544,0.10564286676874018
3.767999976873398,0.2853834332620126,0.09685759813563931
3.777999997138977,0.35636613313451965,0.10533512645635745
3.787999987602234,0.30896710443118125,0.09001185635841193
3.7979999780654907,0.14497224822950572,0.09977571320552715
3.80799999833107,0.32492476435851103,0.09863870456595955
3.817999988794327,0.17571875430471073,0.09507101028531541
3.8279999792575836,0.3504954088462672,0.09463885701702875
3.837999999523163,0.11306440005147701,0.09344314887803044
3.8479999899864197,0.3532096305215697,0.11109872548156266
3.8579999804496765,0.2587836941569284,0.10277963473669045
3.8679999709129333,0.14427065275185122,0.09478740117501423
3.8779999911785126,0.0741135357554184,0.09555627748571259
3.8879999816417694,0.14379584741811824,0.09694429203777667
3.8979999721050262,0.16238793637157212,0.09603935550728128
3.9079999923706055,0.15481755007911477,0.08839575683995668
3.9179999828338623,0.15705339502112178,0.09555474495391245
3.927999973297119,0.2739419290596126,0.09876135930094661
3.9379999935626984,0.21360591219164052,0.09811562055372586
3.947999984025955,0.16335720105638799,0.09213697335181181
3.957999974489212,0.19751637090478302,0.10562322736266598
3.9679999947547913,0.18872911868750122,0.10348978428188767
3.977999985218048,0.2866116897420299,0.10116008405494277
3.987999975681305,0.1812427947370745,0.08885644960682362
3.997999995946884,0.1500588541415373,0.08785931319018958
4.007999986410141,0.21642287350535389,0.0937966209249594
4.017999976873398,0.19589144396337974,0.0950328979569375
4.027999997138977,0.08779688886234957,0.0984888443607521
4.037999987602234,0.308950304209133,0.09922996978417645
4.047999978065491,0.20255210915027455,0.08458935697279804
4.05799999833107,0.15739913118689072,0.09637848466486178
4.067999988794327,0.1804496419278291,0.09256571654846237
4.077999979257584,0.2837808908824003,0.09708223739128798
4.087999999523163,0.1339925243838436,0.0926302483917202
4.09799998998642,0.13446144052344558,0.0968673334326214
4.1079999804496765,0.26881886691581913,0.09700855997217997
4.117999970912933,0.2847180844797096,0.09371073382938683
4.127999991178513,0.16942557554611296,0.10226174946689078
4.137999981641769,0.13587970081989004,0.08451374344278255
4.147999972105026,0.2850571660340874,0.08703216004684969
4.1579999923706055,0.1600293366719113,0.09384890954220713
4.167999982833862,0.19654691614107755,0.09585394326230719
4.177999973297119,-0.0054309200046506875,0.09056018678186888
4.187999993562698,0.05247632269524733,0.10333617188175956
4.197999984025955,-0.022807654661900684,0.10934640391170217
4.207999974489212,0.122092247003593,0.09071328317444431
4.217999994754791,0.034576060562019194,0.09131957488143803
4.227999985218048,0.01627513451873297,0.09325434942460685
4.237999975681305,0.2570567398547865,0.09110596592826946
4.247999995946884,0.06755301860446164,0.08882653035055472
4.257999986410141,0.0892735767912473,0.08266095041626935
4.267999976873398,0.26491210108972274,0.09206662244571842
4.277999997138977,0.21745169837766487,0.09320234315097797
4.287999987602234,0.18534982975518968,0.0905766118758047
4.297999978065491,0.1632617150719999,0.10198616027428353
4.30799999833107,0.06964242457490853,0.09749880895399317
4.317999988794327,0.23197278139022384,0.0906763209781792
4.327999979257584,0.10666155411677962,0.09419476485528866
4.337999999523163,0.1508500452725794,0.08521317237829669
4.34799998998642,0.1833978873751204,0.09198491055500786
4.3579999804496765,0.1277000358442754,0.09940035290184918
4.367999970912933,0.1550930869046976,0.0944246840290859
4.377999991178513,0.06565375633086042,0.08563839239503235
4.387999981641769,0.21125479935718658,0.09760068711670415
4.397999972105026,0.12248925047109724,0.08804016502006369
4.4079999923706055,0.2576124737640905,0.09762095064387454
4.417999982833862,0.25815139571032697,0.08334931926372244
4.427999973297119,0.19956206954793437,0.09034244493357586
4.437999993562698,0.12001451548880195,0.0821543718947308
4.447999984025955,0.22472759422404293,0.08481285100511327
4.457999974489212,0.17004299830023864,0.08773085848211758
4.467999994754791,0.22594930107972172,0.08898860141466762
4.477999985218048,-0.006539632006298389,0.09350504925572596
4.487999975681305,0.18991989313275723,0.0873926198602125
4.497999995946884,0.13913276347127665,0.08631347393696442
4.507999986410141,0.2531489245049094,0.0924382531204291
4.517999976873398,0.09536358299643725,0.09815974142968059
4.527999997138977,0.031442299934625315,0.094102560028236
4.537999987602234,0.19850393580005674,0.08610673731413489
4.547999978065491,0.17793992255613578,0.08194914257001167
4.55799999833107,0.18408262301329206,0.08785675212173821
4.567999988794327,0.04183376037497248,0.09800142764276781
4.577999979257584,0.055596421154471415,0.09761364764972534
4.587999999523163,0.08167064387441958,0.09049388868087228
4.59799998998642,-0.011397506467484837,0.08573706520050402
4.6079999804496765,0.10887171164109886,0.07997030747264636
4.617999970912933,0.10821327468406045,0.08897798065763653
4.627999991178513,0.00691753146252947,0.09119579153394428
4.637999981641769,0.2233074004366524,0.08494459591333094
4.647999972105026,0.13997018309680673,0.09395890400047141
4.6579999923706055,0.13953061605521294,0.0827214367687554
4.667999982833862,0.04180438716964734,0.08326611352850297
4.677999973297119,0.028715176799819553,0.09371235351117571
4.687999993562698,0.1677226806759587,0.086064580335281
4.697999984025955,0.00954766170384475,0.09187656042162647
4.707999974489212,0.23951415378637042,0.08856709934354758
4.717999994754791,0.12449527135254689,0.09247875081468039
4.727999985218048,0.09020618773596972,0.08834073191142625
4.737999975681305,0.15382072714529127,0.08808272401337883
4.747999995946884,0.024883656571914867,0.09242841644051357
4.757999986410141,0.2725303293516505,0.09949730435005402
4.767999976873398,0.28062185149641533,0.08867400976486206
4.777999997138977,0.08095566098010128,0.07909827626305467
4.787999987602234,0.03610881714197516,0.08681811861343526
4.797999978065491,0.19118745274188262,0.08336949785220142
4.80799999833107,0.14092471419214517,0.08737160388843239
4.817999988794327,0.09198156333032477,0.10282609652827333
4.827999979257584,0.10538263834560474,0.09190258237503407
4.837999999523163,-0.10862694749649003,0.0843141880884234
4.84799998998642,0.12485923239411884,0.09612327982376233
4.8579999804496765,0.14531810244495735,0.08723355344141566
4.867999970912933,0.13078555353544524,0.08265114401330931
4.877999991178513,0.19843109379828103,0.08925457589975001
4.887999981641769,0.042357305633098905,0.07797056085980043
4.897999972105026,0.1804043405560713,0.08833341720482377
4.9079999923706055,0.08575421242749967,0.07794887409273166
4.917999982833862,0.21817139485782586,0.10053011252721748
4.927999973297119,0.11354736707339178,0.0974269266571992
4.937999993562698,0.22365367042800346,0.09545480521072879
4.947999984025955,-0.029919163578157958,0.08691981974643866
4.957999974489212,0.14538767009073267,0.08450571457642442
4.967999994754791,0.050313142177427266,0.08913617135050783
4.977999985218048,0.024562072399202977,0.09209883536967935
4.987999975681305,0.09914748456019222,0.0803316422150973
4.997999995946884,0.03216165174438733,0.0795629247448524
5.007999986410141,0.0726236654465735,0.09101127941155472
5.017999976873398,0.1344670764969571,0.08799593298705549
5.027999997138977,0.11503498798884045,0.0869883904996203
5.037999987602234,0.2507787560073983,0.09184847302057372
5.047999978065491,0.20243448452032867,0.08223124188686663
5.05799999833107,-0.032974975057884374,0.08311390194682733
5.067999988794327,0.07271854342517999,0.08263651643307064
5.077999979257584,0.005743902645843683,0.09178810396872142
5.087999999523163,0.08537016625915153,0.08965086506885198
5.09799998998642,0.10350745263661397,0.08712033969610222
5.1079999804496765,0.11505279025331637,0.09237361137408322
5.117999970912933,-0.007107619253819363,0.08524415798249792
5.127999991178513,0.080077671161711,0.0906757558007422
5.137999981641769,0.11812305443334019,0.0884002827490053
5.147999972105026,0.23045914153174163,0.08900785756445494
5.1579999923706055,0.021258582004283093,0.07257981638028581
5.167999982833862,0.06503869604263468,0.08877148854505985
5.177999973297119,0.17781353394730484,0.07351525086903532
5.187999993562698,-0.015022276686635267,0.0878464481933558
5.197999984025955,0.0663852334218632,0.08593298021653617
5.207999974489212,0.11014564840578116,0.08917222213647523
5.217999994754791,-0.0004134948163307313,0.07787490133018037
5.227999985218048,0.2272859344216849,0.07906225923976677
5.237999975681305,0.16260457132955342,0.08467042921647655
5.247999995946884,0.06633452389954958,0.08653562633227617
5.257999986410141,0.082624061985924,0.0865920696773936
5.267999976873398,0.02662189954158742,0.07350850025249915
5.277999997138977,0.018715048627564856,0.07396211288110528
5.287999987602234,0.042068798313568787,0.08989177413228297
5.297999978065491,0.1286266809926025,0.0798977423248443
5.30799999833107,0.0516441909011147,0.08853380331927613
5.317999988794327,0.005337727054791216,0.08447572107734685
5.327999979257584,0.25937925717936555,0.08335762328882095
5.337999999523163,0.07238059047806476,0.0904378988145886
5.34799998998642,0.12811691580311446,0.07832456584444691
5.3579999804496765,0.01896067921662795,0.08525733978729828
5.367999970912933,0.19421571975892,0.09336394061349422
5.377999991178513,-0.03824390025932731,0.08943929193752852
5.387999981641769,0.11506381315771518,0.07582646857297948
5.397999972105026,0.0756109610382538,0.08113410844121514
5.4079999923706055,0.030243379421773915,0.08026625152694283
5.417999982833862,0.09729877758119346,0.08884698241117382
5.427999973297119,0.1210455434350722,0.08601305131448019
5.437999993562698,0.0741118280865378,0.08262021015927448
5.447999984025955,-0.07190336949567842,0.07406312028597868
5.457999974489212,0.05676607377590023,0.08549203916631713
5.467999994754791,-0.019408551908183403,0.08672721555834766
5.477999985218048,0.09091142099126426,0.07454161004324845
5.487999975681305,-0.0041787502003999165,0.08827664177157747
5.497999995946884,-0.033976321738469366,0.08009367657997776
5.507999986410141,-0.015622994062047493,0.08233166832398771
5.517999976873398,-0.004661979301945038,0.08965880515061898
5.527999997138977,0.04654178311179455,0.08248580933930486
5.537999987602234,0.016039633413833732,0.07839182271685975
5.547999978065491,0.11160745912448243,0.07708941819167349
5.55799999833107,-0.010936752458289097,0.0874019763194677
5.567999988794327,0.18910827287245077,0.0884918176340907
5.577999979257584,-0.007918389863365127,0.09032886421996077
5.587999999523163,0.2163960670329492,0.09256651366601211
5.59799998998642,-0.06256485571265662,0.08000602513285614
5.6079999804496765,0.08379669363166779,0.07137784734597864
5.617999970912933,0.03625732678625599,0.08324955752924601
5.627999991178513,0.10128556241907963,0.0902901451054494
5.637999981641769,0.08521816913137346,0.08777906507286
5.647999972105026,0.030341411402583437,0.08420921356391119
5.6579999923706055,0.10044523330585521,0.07408319388008665
5.667999982833862,0.2012804048305741,0.08437026245231566
5.677999973297119,0.13425410124398557,0.06903432157949124
5.687999993562698,-0.04092021659558399,0.08312659671635388
5.697999984025955,0.09597770719203282,0.07958812937787964
5.707999974489212,0.26780960490098027,0.08009507217175742
5.717999994754791,0.0855008932982716,0.076457934205571
5.727999985218048,0.20644908313675278,0.07841928271208311
5.737999975681305,0.09087854900195944,0.08466721595602172
5.747999995946884,0.2958382842304443,0.08933155189140048
5.757999986410141,0.12585255110635155,0.08546834807054592
5.767999976873398,0.056584545776055775,0.08858499063465111
5.777999997138977,0.10157468512604921,0.09059148504733064
5.787999987602234,0.08771014428998775,0.08717346938019015
5.797999978065491,0.07213593568963997,0.07743930996798142
5.80799999833107,0.021649413634855185,0.09630364169812795
5.817999988794327,0.07693619879633078,0.08692100181187182
5.827999979257584,0.14364148518690306,0.08217341267859034
5.837999999523163,0.12256623862869331,0.08892931232801923
5.84799998998642,0.024896197515368118,0.0759585284564944
5.8579999804496765,0.08403509637417775,0.09100354796668891
5.867999970912933,0.1935260634370802,0.09090039266631413
5.877999991178513,-0.1383862994280683,0.0798695071194444
5.887999981641769,0.09142922469481228,0.08479925682999706
5.897999972105026,0.2907524406803361,0.08273195644973258
5.9079999923706055,0.16192955071841478,0.08779748028924773
5.917999982833862,0.1348000978848267,0.0865713746215003
5.927999973297119,0.03392085242793815,0.08333136702359964
5.937999993562698,0.08283043672827992,0.08664353469254243
5.947999984025955,-0.11825507865756878,0.0893332810590185
5.957999974489212,0.03590970714327075,0.07786896929149917
5.967999994754791,0.13152723587727713,0.08956644037062564
5.977999985218048,0.18386236696975658,0.07911434030327948
5.987999975681305,0.12854582893971486,0.0790809834343913
5.997999995946884,0.0503043611767642,0.07446923021064256
6.007999986410141,-0.10444220967824044,0.08849342972335995
6.017999976873398,-0.04033132112495458,0.09286852386138011
6.027999997138977,0.1826580772071802,0.08691747540121142
6.037999987602234,0.07404067963514507,0.0741448082758177
6.047999978065491,-0.013332587882570508,0.08640663016757388
6.05799999833107,0.15406406541649764,0.07303659916895916
6.067999988794327,0.20150312521914523,0.08063038108406324
6.077999979257584,0.09708050236216409,0.08181605876931314
6.087999999523163,0.028269815323585475,0.07880288599097675
6.09799998998642,-0.010666820262460281,0.08778531942097803
6.1079999804496765,0.051505269076700666,0.07664007537797232
6.117999970912933,0.07257298414757718,0.07974047441466887
6.127999991178513,0.09235662554869213,0.08225680407000396
6.137999981641769,0.06676679595676417,0.07882525219807303
6.147999972105026,-0.012365494686638119,0.07909733204311929
6.1579999923706055,0.027835485789862422,0.08890041794004039
6.167999982833862,0.014918009446143786,0.08568309600948133
6.177999973297119,-0.003767405508288901,0.08034525963082603
6.187999993562698,0.015371549869303886,0.07980942633181037
6.197999984025955,0.05201950486607924,0.07757304703103131
6.207999974489212,0.17446993055726298,0.0820671995623176
6.217999994754791,0.12344591335583759,0.08156797898369159
6.227999985218048,-0.11909848984379831,0.08599724983875294
6.237999975681305,0.1214107593162074,0.08692068849280851
6.247999995946884,0.3148917910839143,0.09991529457198
6.257999986410141,0.0741094951394534,0.08192555840823469
6.267999976873398,0.17274799610222796,0.08078308523537035
6.277999997138977,0.0810637681567157,0.09174358175622663
6.287999987602234,0.003348058633668124,0.07930974025112454
6.297999978065491,0.05516982948967927,0.07790656859399268
6.30799999833107,0.04875220223968007,0.08610407348361647
6.317999988794327,0.01055684432540474,0.08268027577215875
6.327999979257584,0.027991938436957606,0.07055506118966255
6.337999999523163,0.0764451927885552,0.07872833460889536
6.34799998998642,0.03902851576582629,0.07181937169872582
6.3579999804496765,0.07382477206898257,0.08695500426119511
6.367999970912933,0.11768313092916896,0.08439038209080449
6.377999991178513,0.17668724370708175,0.07600020269181927
6.387999981641769,0.15067290211003548,0.08347788236945267
6.397999972105026,0.1027852553108022,0.08314813902475884
6.4079999923706055,0.03819901435651416,0.08348110904054788
6.417999982833862,0.048949384667730536,0.08628547929106985
6.427999973297119,-0.007806910058332979,0.07942129015713899
6.437999993562698,0.18307135566304153,0.09489728330581046
6.447999984025955,0.12275403307858868,0.07114428752357943
6.457999974489212,-0.009320329983733548,0.07994292714268356
6.467999994754791,-0.11162683820132178,0.08425679288805892
6.477999985218048,0.06575600541525012,0.08175901280778664
6.487999975681305,0.07820713945523444,0.07775979697297807
6.497999995946884,0.058010736578277024,0.08935426780460001
6.507999986410141,0.10645730551784763,0.06064125631231841
6.517999976873398,-0.06988537547738585,0.07627726426818766
6.527999997138977,0.06745305760060304,0.08641695766161345
6.537999987602234,0.09356857600665822,0.08638834004671629
6.547999978065491,-0.13918158527300872,0.07922734292517859
6.55799999833107,0.07385974633740022,0.08418389596047246
6.567999988794327,0.029352198069328046,0.08936138568951318
6.577999979257584,0.06922781022637567,0.08939367577864304
6.587999999523163,0.033366643663122655,0.07760800947050588
6.59799998998642,0.04976689077408743,0.07672821050046569
6.6079999804496765,-0.04060161236236698,0.07330220811390827
6.617999970912933,0.09343494409553381,0.08792914502487764
6.627999991178513,0.0764948586362815,0.08229491253109815
6.637999981641769,-0.07688027971181889,0.09020821295080578
6.647999972105026,0.02609297726891758,0.07605336038759831
6.6579999923706055,0.17162747011702423,0.0797207738723253
6.667999982833862,0.03213154381443536,0.08231843883770644
6.677999973297119,0.12222957099492726,0.08450296168311339
6.687999993562698,-0.02735407167194631,0.07759799858899578
6.697999984025955,-0.005037423097402063,0.08970109638564067
6.707999974489212,-0.043753682573707424,0.07426191576585008
6.717999994754791,-0.06595076238626155,0.08134677106593616
6.727999985218048,-0.01885968980349671,0.07945049345113607
6.737999975681305,-0.025134569641983486,0.07940787511676753
6.747999995946884,0.0867555240868209,0.08582136626822415
6.757999986410141,0.09839141848340661,0.0838857690340058
6.767999976873398,0.09370146251795156,0.07344114689646027
6.777999997138977,0.06906712212378502,0.08061413355113113
6.787999987602234,-0.023268331891462712,0.07698957866359411
6.797999978065491,0.2137728794487983,0.07702178451398925
6.80799999833107,0.0602202813484307,0.08070931483761001
6.817999988794327,0.18053729664377566,0.07598774238205849
6.827999979257584,0.11981946695802481,0.08457688147282703
6.837999999523163,-0.007665371151892233,0.07374608845878014
6.84799998998642,0.05184962334921752,0.07909682784351194
6.8579999804496765,0.008060237077435117,0.07328943787913472
6.867999970912933,0.13404923940487629,0.0819482688215697
6.877999991178513,0.1186674092655697,0.09085037329461088
6.887999981641769,-0.1680303052790024,0.09078622297710184
6.897999972105026,0.04839028378309213,0.08432208523516387
6.9079999923706055,0.06835661581781713,0.07766217970374696
6.917999982833862,-0.035423246021278484,0.08127800622740483
6.927999973297119,-0.024456595446826237,0.07614334274255546
6.937999993562698,-0.015192056854426672,0.07502158214816947
6.947999984025955,-0.013332557342704056,0.07648841893606373
6.957999974489212,0.09156109130914308,0.07899099748989746
6.967999994754791,0.052203473124958724,0.07775137305263163
6.977999985218048,0.020114563077775614,0.09313134670657727
6.987999975681305,0.03778458236184291,0.07974927147677012
6.997999995946884,-0.04571740099724545,0.07927596070684667
